{"best/epoch": 3, "best/precision": 0.18369373970445196, "best/recall": 0.32558139534883723, "best/mAP_0.5": 0.15496546951142262, "best/mAP_0.5:0.95": 0.04652311063404233, "Labels": {"_type": "images/separated", "width": 1600, "height": 1600, "format": "jpg", "count": 2, "filenames": ["media/images/Labels_0_b687e700309fd37b7bf6.jpg", "media/images/Labels_0_15e6047e7dc0e052db40.jpg"], "captions": ["labels.jpg", "labels_correlogram.jpg"]}, "Mosaics": {"_type": "images/separated", "width": 1920, "height": 1920, "format": "jpg", "count": 3, "filenames": ["media/images/Mosaics_0_d2c06f461319f02b0ea7.jpg", "media/images/Mosaics_0_0c16cd97957d3bb6c1eb.jpg", "media/images/Mosaics_0_faa39cea076d4c06e69c.jpg"], "captions": ["train_batch0.jpg", "train_batch1.jpg", "train_batch2.jpg"]}, "train/box_loss": 0.05530667304992676, "train/obj_loss": 0.017354603856801987, "train/cls_loss": 0.0, "metrics/precision": 0.18184581011927128, "metrics/recall": 0.32558139534883723, "metrics/mAP_0.5": 0.15479808256198374, "metrics/mAP_0.5:0.95": 0.04653853915183474, "val/box_loss": 0.05052724480628967, "val/obj_loss": 0.011924907565116882, "val/cls_loss": 0.0, "x/lr0": 0.00406, "x/lr1": 0.00406, "x/lr2": 0.00406, "BoundingBoxDebugger": {"_type": "images/separated", "width": 640, "height": 672, "format": "png", "count": 16, "filenames": ["media/images/BoundingBoxDebugger_4_e9c9db81abbab9162aa4.png", "media/images/BoundingBoxDebugger_4_390f48849396fbc4b82d.png", "media/images/BoundingBoxDebugger_4_ecbc844570a17c4c9e74.png", "media/images/BoundingBoxDebugger_4_856a39787d33fe6930b8.png", "media/images/BoundingBoxDebugger_4_7e0cd6980b0826eceac7.png", "media/images/BoundingBoxDebugger_4_fb96eb5c0ced1d3981dc.png", "media/images/BoundingBoxDebugger_4_d8249fdfeed3d9a3bf7b.png", "media/images/BoundingBoxDebugger_4_a51895d8c66139a350c5.png", "media/images/BoundingBoxDebugger_4_de735cbe08166e4247d2.png", "media/images/BoundingBoxDebugger_4_bf30d24a787f13153d1f.png", "media/images/BoundingBoxDebugger_4_02798a1371db0be4c2ae.png", "media/images/BoundingBoxDebugger_4_b3eacc709f493a2e246d.png", "media/images/BoundingBoxDebugger_4_0561f320aef8301ff659.png", "media/images/BoundingBoxDebugger_4_849d57ed0db8780cfeb0.png", "media/images/BoundingBoxDebugger_4_a29d7b2b05656939afa6.png", "media/images/BoundingBoxDebugger_4_40947f3b5a829abb9477.png"], "captions": ["30_11_2022_14_50_01.bmp", "30_11_2022_14_55_16.bmp", "30_11_2022_14_55_21.bmp", "30_11_2022_14_55_48.bmp", "30_11_2022_14_55_49.bmp", "30_11_2022_14_55_50.bmp", "30_11_2022_14_56_11.bmp", "30_11_2022_14_56_13.bmp", "30_11_2022_14_56_14.bmp", "30_11_2022_14_56_21.bmp", "30_11_2022_14_56_38.bmp", "30_11_2022_14_54_34.bmp", "30_11_2022_14_56_40.bmp", "30_11_2022_14_56_47.bmp", "30_11_2022_14_56_48.bmp", "30_11_2022_14_56_49.bmp"], "all_boxes": [{"predictions": {"_type": "boxes2D", "sha256": "cd63dbf1c3bb54e22270fbc9208b3321783f955d9cb61a3cf357e2d8c627c105", "size": 72170, "path": "media/metadata/boxes2D/BoundingBoxDebugger_4_cd63dbf1c3bb54e22270.boxes2D.json"}}, {"predictions": {"_type": "boxes2D", "sha256": "5104dbee53575e9868286306f5483bf1a454f8968611725ecce7a55174cc43b9", "size": 72064, "path": "media/metadata/boxes2D/BoundingBoxDebugger_4_5104dbee53575e986828.boxes2D.json"}}, {"predictions": {"_type": "boxes2D", "sha256": "9843c4d8f563f61cc24e9f591e1c75311d58bb9df3c894a038a039f54c7c4887", "size": 72165, "path": "media/metadata/boxes2D/BoundingBoxDebugger_4_9843c4d8f563f61cc24e.boxes2D.json"}}, {"predictions": {"_type": "boxes2D", "sha256": "dc3a79ae1ef63aeac18f79076880a528412a19f61c68ffd83133dbcf52cf2b94", "size": 72243, "path": "media/metadata/boxes2D/BoundingBoxDebugger_4_dc3a79ae1ef63aeac18f.boxes2D.json"}}, {"predictions": {"_type": "boxes2D", "sha256": "dbe7c58abd8ce40cc44bdbef4c29c60c69e746612f48d1aaf652bfec8633d1ef", "size": 72198, "path": "media/metadata/boxes2D/BoundingBoxDebugger_4_dbe7c58abd8ce40cc44b.boxes2D.json"}}, {"predictions": {"_type": "boxes2D", "sha256": "71df9a557ad141f59acfde55b32b2afec4a471dc166f518ab2249b3f43416f37", "size": 72080, "path": "media/metadata/boxes2D/BoundingBoxDebugger_4_71df9a557ad141f59acf.boxes2D.json"}}, {"predictions": {"_type": "boxes2D", "sha256": "ca7c1872765d3f1b64d338f09ad1edcfd2b32ad7f5e8cbcf4d253f3639feda69", "size": 72219, "path": "media/metadata/boxes2D/BoundingBoxDebugger_4_ca7c1872765d3f1b64d3.boxes2D.json"}}, {"predictions": {"_type": "boxes2D", "sha256": "4877804f81d70f5b464a68bc8dc27538e1e29d4e74023c6e7174b677baa2b9eb", "size": 72270, "path": "media/metadata/boxes2D/BoundingBoxDebugger_4_4877804f81d70f5b464a.boxes2D.json"}}, {"predictions": {"_type": "boxes2D", "sha256": "7fe67f46c82cabda36def8a4f379e0abd1e442f2aa61955125c36093c7e5904c", "size": 72322, "path": "media/metadata/boxes2D/BoundingBoxDebugger_4_7fe67f46c82cabda36de.boxes2D.json"}}, {"predictions": {"_type": "boxes2D", "sha256": "12d702ddba38a8ba7d0fd2c208dbcd6fed9948fb21b43a5a86e541806ef923d4", "size": 72144, "path": "media/metadata/boxes2D/BoundingBoxDebugger_4_12d702ddba38a8ba7d0f.boxes2D.json"}}, {"predictions": {"_type": "boxes2D", "sha256": "323e24aee565f81d0d67b8988ee3f68cad4a14ded24a90a9a4459c5a43d5210c", "size": 72171, "path": "media/metadata/boxes2D/BoundingBoxDebugger_4_323e24aee565f81d0d67.boxes2D.json"}}, {"predictions": {"_type": "boxes2D", "sha256": "3c50f326bddb422d18fb99255dedd534d0b08d8f3d18732462f381f9fe119cc8", "size": 71990, "path": "media/metadata/boxes2D/BoundingBoxDebugger_4_3c50f326bddb422d18fb.boxes2D.json"}}, {"predictions": {"_type": "boxes2D", "sha256": "f2287e1fb2c7cd7fcc9b128aac5fe13ee8491073e989aad21e304d72d9dd3a63", "size": 72174, "path": "media/metadata/boxes2D/BoundingBoxDebugger_4_f2287e1fb2c7cd7fcc9b.boxes2D.json"}}, {"predictions": {"_type": "boxes2D", "sha256": "0e02806bd178f60cb3b763d7b185eb335d93d1c83a10a4cc38e6eb0e1f1b0319", "size": 72271, "path": "media/metadata/boxes2D/BoundingBoxDebugger_4_0e02806bd178f60cb3b7.boxes2D.json"}}, {"predictions": {"_type": "boxes2D", "sha256": "5657c13532e2e4ffe3cb8ce70aa99a7cb01a697683067cd04c69da821249ba58", "size": 72169, "path": "media/metadata/boxes2D/BoundingBoxDebugger_4_5657c13532e2e4ffe3cb.boxes2D.json"}}, {"predictions": {"_type": "boxes2D", "sha256": "51542b9a0916bf6fd8b8f17c62d523f2a754aa06893e064295bd8d2df67c05cf", "size": 72232, "path": "media/metadata/boxes2D/BoundingBoxDebugger_4_51542b9a0916bf6fd8b8.boxes2D.json"}}]}, "_timestamp": 1669819209.6749718, "_runtime": 1870.198231935501, "_step": 5, "Validation": {"_type": "images/separated", "width": 1832, "height": 1920, "format": "jpg", "count": 4, "filenames": ["media/images/Validation_5_aa4dca0c02050148523e.jpg", "media/images/Validation_5_d542c4404475f7561311.jpg", "media/images/Validation_5_bdd0080e559932df4949.jpg", "media/images/Validation_5_f7aedf04943eae3f741c.jpg"], "captions": ["val_batch0_labels.jpg", "val_batch0_pred.jpg", "val_batch1_labels.jpg", "val_batch1_pred.jpg"]}, "Results": {"_type": "images/separated", "width": 2400, "height": 1200, "format": "png", "count": 6, "filenames": ["media/images/Results_5_63db459592a95778efd6.png", "media/images/Results_5_91d32a169aff303a4b4d.png", "media/images/Results_5_d3cdc943066f297a0268.png", "media/images/Results_5_505bf7eb8cea4c70965a.png", "media/images/Results_5_3fdc1659d50086f76f63.png", "media/images/Results_5_379c8eac47e8686aaf0c.png"], "captions": ["results.png", "confusion_matrix.png", "F1_curve.png", "PR_curve.png", "P_curve.png", "R_curve.png"]}, "_wandb": {"runtime": 1869}}