{"best/epoch": 4, "best/precision": 0.9889966395092229, "best/recall": 0.9769739896097208, "best/mAP_0.5": 0.9939145189383108, "best/mAP_0.5:0.95": 0.8098972027843377, "Labels": {"_type": "images/separated", "width": 1600, "height": 1600, "format": "jpg", "count": 2, "filenames": ["media/images/Labels_0_0f594237dd08809b4b3b.jpg", "media/images/Labels_0_0e698f2b95597edde4ea.jpg"], "captions": ["labels.jpg", "labels_correlogram.jpg"]}, "Mosaics": {"_type": "images/separated", "width": 1920, "height": 1920, "format": "jpg", "count": 3, "filenames": ["media/images/Mosaics_0_d39f026ce2d3611ef6d6.jpg", "media/images/Mosaics_0_a765f91b874282c4ac70.jpg", "media/images/Mosaics_0_bbeeabda95adc4efff7e.jpg"], "captions": ["train_batch0.jpg", "train_batch1.jpg", "train_batch2.jpg"]}, "train/box_loss": 0.02983231283724308, "train/obj_loss": 0.008592328988015652, "train/cls_loss": 0.0, "metrics/precision": 0.9889948419696575, "metrics/recall": 0.9768127841773905, "metrics/mAP_0.5": 0.9939145189383108, "metrics/mAP_0.5:0.95": 0.8097535824570393, "val/box_loss": 0.009900172241032124, "val/obj_loss": 0.00224227923899889, "val/cls_loss": 0.0, "x/lr0": 0.00406, "x/lr1": 0.00406, "x/lr2": 0.00406, "BoundingBoxDebugger": {"_type": "images/separated", "width": 640, "height": 672, "format": "png", "count": 16, "filenames": ["media/images/BoundingBoxDebugger_4_c09d2608d0efa5c8d28b.png", "media/images/BoundingBoxDebugger_4_1c59797a6c28c0e13c4e.png", "media/images/BoundingBoxDebugger_4_fa3ee0595e544596b9c9.png", "media/images/BoundingBoxDebugger_4_87e5ba84afc2c8551422.png", "media/images/BoundingBoxDebugger_4_f8ba0fb295679d53133b.png", "media/images/BoundingBoxDebugger_4_fbab7a66b38b1bc1bad0.png", "media/images/BoundingBoxDebugger_4_bed7a751531f384fc32c.png", "media/images/BoundingBoxDebugger_4_4ee293ba4aa02dfdedb3.png", "media/images/BoundingBoxDebugger_4_310462fd8e68c23f73c7.png", "media/images/BoundingBoxDebugger_4_28e0a9c9ba80dd1592b6.png", "media/images/BoundingBoxDebugger_4_b3a9a7e00eec9dd350f3.png", "media/images/BoundingBoxDebugger_4_6d6a2f4cc0a7716a64e0.png", "media/images/BoundingBoxDebugger_4_8f7da5ed1a1f64da9989.png", "media/images/BoundingBoxDebugger_4_630131bf1a4da0e7433d.png", "media/images/BoundingBoxDebugger_4_b10768f0d46bdd7d80a5.png", "media/images/BoundingBoxDebugger_4_4c6dbc46dc757e9d3c26.png"], "captions": ["30_11_2022_14_49_16.bmp", "30_11_2022_15_58_57_139.bmp", "30_11_2022_15_58_56_584.bmp", "30_11_2022_15_58_56_414.bmp", "30_11_2022_15_58_56_236.bmp", "30_11_2022_15_58_56_207.bmp", "30_11_2022_15_58_55_995.bmp", "30_11_2022_15_58_55_783.bmp", "30_11_2022_15_58_55_769.bmp", "30_11_2022_15_58_55_754.bmp", "30_11_2022_15_58_55_703.bmp", "30_11_2022_15_58_55_589.bmp", "30_11_2022_15_58_55_57.bmp", "30_11_2022_15_58_55_552.bmp", "30_11_2022_15_58_55_509.bmp", "30_11_2022_15_58_55_410.bmp"], "all_boxes": [{"predictions": {"_type": "boxes2D", "sha256": "955c64de142e7473b9a2aad8c4e602c39aa73c793c0c3121870f6f19746bd928", "size": 4131, "path": "media/metadata/boxes2D/BoundingBoxDebugger_4_955c64de142e7473b9a2.boxes2D.json"}}, {"predictions": {"_type": "boxes2D", "sha256": "ba77d8a13309f3ab8c333ea4c176848f5a8bd868fc4258582d6f5836cf0a7e45", "size": 7288, "path": "media/metadata/boxes2D/BoundingBoxDebugger_4_ba77d8a13309f3ab8c33.boxes2D.json"}}, {"predictions": {"_type": "boxes2D", "sha256": "c1e377c1884fec2f5d9789a5aeff9421c7a358de822f1ce6f2d981988bf898d6", "size": 4383, "path": "media/metadata/boxes2D/BoundingBoxDebugger_4_c1e377c1884fec2f5d97.boxes2D.json"}}, {"predictions": {"_type": "boxes2D", "sha256": "a010e6089b6feb535b8a680c0bdce31101ef38f0aeeda788312e6adfae98bd3f", "size": 6256, "path": "media/metadata/boxes2D/BoundingBoxDebugger_4_a010e6089b6feb535b8a.boxes2D.json"}}, {"predictions": {"_type": "boxes2D", "sha256": "48ddc8ed3925cd2af12bbb9daf2e96dc0b1f162e4f2aae2077c08f4563b8a416", "size": 3422, "path": "media/metadata/boxes2D/BoundingBoxDebugger_4_48ddc8ed3925cd2af12b.boxes2D.json"}}, {"predictions": {"_type": "boxes2D", "sha256": "f245001ef4004334ee775b5a02bb9cdae54b98b877e16c6cee44464fffd3f0bd", "size": 5070, "path": "media/metadata/boxes2D/BoundingBoxDebugger_4_f245001ef4004334ee77.boxes2D.json"}}, {"predictions": {"_type": "boxes2D", "sha256": "c1c1507d4d5ff4d573835e66db385e0a77049799c52d0e95b736c8abd00a4f98", "size": 4079, "path": "media/metadata/boxes2D/BoundingBoxDebugger_4_c1c1507d4d5ff4d57383.boxes2D.json"}}, {"predictions": {"_type": "boxes2D", "sha256": "96773ce3ca94d3865daa9b94441d904d93c26888afb77339c482fe2d207ce7c7", "size": 3165, "path": "media/metadata/boxes2D/BoundingBoxDebugger_4_96773ce3ca94d3865daa.boxes2D.json"}}, {"predictions": {"_type": "boxes2D", "sha256": "aef6a10a83324388c692eb528572558dd729306fe3d2151191a5610fd7e0c4a3", "size": 3398, "path": "media/metadata/boxes2D/BoundingBoxDebugger_4_aef6a10a83324388c692.boxes2D.json"}}, {"predictions": {"_type": "boxes2D", "sha256": "c63ab924f1ca3356682cd7608115a9fafaa828b95da835d883e0991afd390284", "size": 7999, "path": "media/metadata/boxes2D/BoundingBoxDebugger_4_c63ab924f1ca3356682c.boxes2D.json"}}, {"predictions": {"_type": "boxes2D", "sha256": "9a5ba4a302e675ca0170ac86851986495ddd4a449823d98d2579c70a11a26c4c", "size": 5810, "path": "media/metadata/boxes2D/BoundingBoxDebugger_4_9a5ba4a302e675ca0170.boxes2D.json"}}, {"predictions": {"_type": "boxes2D", "sha256": "d013f8dad223c05ec57483361d54de35e0dcf499dde2e3ec33530b293ba75b2f", "size": 2667, "path": "media/metadata/boxes2D/BoundingBoxDebugger_4_d013f8dad223c05ec574.boxes2D.json"}}, {"predictions": {"_type": "boxes2D", "sha256": "377c7f416f628765316887acebe39109a77dae28f633e0399153a3ba89b4dcbf", "size": 6569, "path": "media/metadata/boxes2D/BoundingBoxDebugger_4_377c7f416f6287653168.boxes2D.json"}}, {"predictions": {"_type": "boxes2D", "sha256": "34bd152c53f9be00e2c78f906a4537cf67c1a628f29b21216a51ee481bb8ce66", "size": 1953, "path": "media/metadata/boxes2D/BoundingBoxDebugger_4_34bd152c53f9be00e2c7.boxes2D.json"}}, {"predictions": {"_type": "boxes2D", "sha256": "230d68ff6a60855243069860259df4ba2daa77a05ea3310fd14f90d6e236d235", "size": 2931, "path": "media/metadata/boxes2D/BoundingBoxDebugger_4_230d68ff6a6085524306.boxes2D.json"}}, {"predictions": {"_type": "boxes2D", "sha256": "31a6e1f3483feacabd7ff6b1614ac24969222837dc460c93c81a798d88e690d0", "size": 5831, "path": "media/metadata/boxes2D/BoundingBoxDebugger_4_31a6e1f3483feacabd7f.boxes2D.json"}}]}, "_timestamp": 1669833363.0673888, "_runtime": 12630.466012716293, "_step": 5, "Validation": {"_type": "images/separated", "width": 1832, "height": 1920, "format": "jpg", "count": 6, "filenames": ["media/images/Validation_5_d43f709fd2b6727ed122.jpg", "media/images/Validation_5_488865420fb9de9dcb03.jpg", "media/images/Validation_5_2ba0b835e7cf4f126285.jpg", "media/images/Validation_5_eb941e0979fd0246d57d.jpg", "media/images/Validation_5_5b25ca4fe4c328cb1b76.jpg", "media/images/Validation_5_bd15f3bdd534da0ee5a6.jpg"], "captions": ["val_batch0_labels.jpg", "val_batch0_pred.jpg", "val_batch1_labels.jpg", "val_batch1_pred.jpg", "val_batch2_labels.jpg", "val_batch2_pred.jpg"]}, "Results": {"_type": "images/separated", "width": 2400, "height": 1200, "format": "png", "count": 6, "filenames": ["media/images/Results_5_46ee84a1f888727d9056.png", "media/images/Results_5_25bbcd63549afbc8d086.png", "media/images/Results_5_d1781cca583ed5856139.png", "media/images/Results_5_260925644fd93f5cc04f.png", "media/images/Results_5_1a45c7a174fbf2ed9325.png", "media/images/Results_5_69e6d7750dd683877dcb.png"], "captions": ["results.png", "confusion_matrix.png", "F1_curve.png", "PR_curve.png", "P_curve.png", "R_curve.png"]}, "_wandb": {"runtime": 12629}}